candidate_id,first_name,last_name,email,applied_position,department,application_date,source,status,stage,recruiter,hiring_manager,expected_salary,offered_salary,offer_date,start_date,rejection_reason,quality_score
CAND-001,Emily,Adams,emily.adams@email.com,Data Engineer,Engineering,2025-08-04,LinkedIn,screening,Resume Review,Tyler Brooks,Daniel Martinez,174000,,,,,2.7
CAND-002,Anthony,Gomez,anthony.gomez@email.com,Business Operations Associate,Operations,2025-08-24,Indeed,rejected,Rejected - Phone Screen,Jessica Patel,Nicole Scott,131000,,,,Failed technical assessment,2.3
CAND-003,Samantha,Sharma,samantha.sharma@email.com,Growth Marketing Manager,Marketing,2025-11-16,Indeed,hired,Offer Accepted,Marcus Rivera,Stephanie Clark,77000,69000,2025-12-15,2026-01-12,,4.0
CAND-004,Jerry,Wright,jerry.wright@email.com,Business Operations Associate,Operations,2025-10-01,Referral,interview,Panel Interview,Samantha Cho,James Wilson,73000,,,,,2.3
CAND-005,Lisa,Bailey,lisa.bailey@email.com,Customer Success Manager,Customer Success,2025-10-16,LinkedIn,rejected,Rejected - Compensation,Jessica Patel,Maria Rodriguez,52000,,,,Underqualified for role level,1.5
CAND-006,Fatima,Diaz,fatima.diaz@email.com,Compliance Officer,Legal,2025-10-18,Recruiter,hired,Offer Accepted,Marcus Rivera,David Kim,89000,92000,2025-12-08,2026-01-09,,3.5
CAND-007,Ethan,Mueller,ethan.mueller@email.com,Staff Engineer,Engineering,2025-10-07,LinkedIn,interview,Hiring Manager Interview,Tyler Brooks,Christopher Lee,148000,,,,,3.8
CAND-008,Emily,Singh,emily.singh@email.com,Legal Counsel,Legal,2025-07-27,Company Website,interview,Panel Interview,Marcus Rivera,David Kim,66000,,,,,4.1
CAND-009,Hannah,Castillo,hannah.castillo@email.com,Sales Development Representative,Sales,2025-06-12,LinkedIn,hired,Offer Accepted,Priya Sharma,Brian Mitchell,169000,171000,2025-08-02,2025-08-27,,3.9
CAND-010,Karen,Fischer,karen.fischer@email.com,Senior Software Engineer,Engineering,2025-10-11,Indeed,rejected,Rejected - Technical,Samantha Cho,Daniel Martinez,169000,,,,Insufficient experience,3.0
CAND-011,Kimberly,Vasquez,kimberly.vasquez@email.com,Software Engineer,Engineering,2025-10-10,Referral,screening,Resume Review,Jennifer Hall,Kevin Nguyen,169000,,,,,3.2
CAND-012,Alexander,Robinson,alexander.robinson@email.com,Content Strategist,Marketing,2025-10-01,LinkedIn,screening,Phone Screen,Jessica Patel,Amanda Williams,61000,,,,,3.0
CAND-013,Amit,Adams,amit.adams@email.com,Data Engineer,Engineering,2025-06-11,Recruiter,screening,Resume Review,Marcus Rivera,Christopher Lee,158000,,,,,4.2
CAND-014,Jennifer,Reed,jennifer.reed@email.com,UX Designer,Design,2025-09-23,Referral,offer,Offer Negotiation,Jennifer Hall,Daniel Martinez,119000,118000,2025-11-13,,,3.8
CAND-015,Melissa,Mueller,melissa.mueller@email.com,Frontend Engineer,Engineering,2025-11-23,Indeed,offer,Offer Extended,Jennifer Hall,Daniel Martinez,141000,130000,2025-12-08,,,4.3
CAND-016,Olivia,Hill,olivia.hill@email.com,Financial Analyst,Finance,2025-09-30,Recruiter,hired,Offer Accepted,Jessica Patel,Andrew Davis,141000,130000,2025-11-21,2025-12-05,,5.0
CAND-017,Ingrid,Gonzales,ingrid.gonzales@email.com,Content Strategist,Marketing,2025-06-12,Company Website,interview,Final Round,Samantha Cho,Stephanie Clark,132000,,,,,3.8
CAND-018,Meera,Sanchez,meera.sanchez@email.com,Sales Development Representative,Sales,2025-10-01,Company Website,rejected,Rejected - Resume,Marcus Rivera,Thomas Brown,94000,,,,Candidate withdrew,1.0
CAND-019,James,Novak,james.novak@email.com,Software Engineer,Engineering,2025-09-05,Company Website,rejected,Rejected - Technical,Samantha Cho,Kevin Nguyen,104000,,,,Culture fit concerns,1.6
CAND-020,Aiden,Henderson,aiden.henderson@email.com,HR Generalist,Human Resources,2025-11-22,Indeed,screening,Phone Screen,Jennifer Hall,Jennifer Hall,123000,,,,,3.7
CAND-021,Angela,Ward,angela.ward@email.com,HR Generalist,Human Resources,2025-07-06,Recruiter,hired,Offer Accepted,Samantha Cho,Jessica Patel,63000,59000,2025-08-14,2025-09-18,,4.4
CAND-022,Susan,Adams,susan.adams@email.com,Enterprise Account Executive,Sales,2025-06-02,Recruiter,rejected,Rejected - Culture Fit,Tyler Brooks,Thomas Brown,72000,,,,Failed technical assessment,1.5
CAND-023,Tyler,Lee,tyler.lee@email.com,Accountant,Finance,2025-09-11,Referral,hired,Offer Accepted,Jennifer Hall,Andrew Davis,113000,102000,2025-11-06,2025-12-08,,4.5
CAND-024,Zara,Reyes,zara.reyes@email.com,Financial Analyst,Finance,2025-09-01,LinkedIn,new,Application Received,Jessica Patel,Andrew Davis,157000,,,,,4.5
CAND-025,Omar,Jenkins,omar.jenkins@email.com,Account Executive,Sales,2025-10-11,LinkedIn,rejected,Rejected - Resume,Tyler Brooks,Brian Mitchell,155000,,,,Underqualified for role level,3.1
CAND-026,Skyler,Edwards,skyler.edwards@email.com,Financial Analyst,Finance,2025-09-25,Glassdoor,hired,Offer Accepted,Jennifer Hall,Andrew Davis,121000,111000,2025-10-13,2025-11-14,,4.0
CAND-027,Steven,Weber,steven.weber@email.com,UX Researcher,Design,2025-10-26,LinkedIn,offer,Offer Negotiation,Tyler Brooks,Rachel Adams,166000,155000,2025-11-30,,,4.5
CAND-028,Amit,Davis,amit.davis@email.com,Content Strategist,Marketing,2025-06-18,Indeed,rejected,Rejected - Phone Screen,Priya Sharma,Amanda Williams,160000,,,,Compensation expectations too high,2.3
CAND-029,Dennis,Fischer,dennis.fischer@email.com,Growth Marketing Manager,Marketing,2025-08-07,LinkedIn,new,Application Received,Jessica Patel,Amanda Williams,117000,,,,,3.1
CAND-030,Melissa,Carter,melissa.carter@email.com,Marketing Manager,Marketing,2025-07-31,Company Website,rejected,Rejected - Phone Screen,Jennifer Hall,Amanda Williams,88000,,,,Poor communication skills,3.0
CAND-031,Mark,Walker,mark.walker@email.com,Compliance Officer,Legal,2025-11-05,LinkedIn,rejected,Rejected - Resume,Samantha Cho,David Kim,141000,,,,Compensation expectations too high,1.0
CAND-032,Brenda,Gupta,brenda.gupta@email.com,Data Engineer,Engineering,2025-08-11,Indeed,rejected,Rejected - Phone Screen,Jessica Patel,Daniel Martinez,153000,,,,Underqualified for role level,2.6
CAND-033,Jack,Powell,jack.powell@email.com,Customer Success Manager,Customer Success,2025-09-26,Glassdoor,rejected,Rejected - Culture Fit,Marcus Rivera,Maria Rodriguez,52000,,,,Candidate withdrew,2.2
CAND-034,Larry,Mitchell,larry.mitchell@email.com,Recruiter,Human Resources,2025-08-08,Referral,hired,Offer Accepted,Jennifer Hall,Jennifer Hall,106000,99000,2025-10-05,2025-11-11,,4.4
CAND-035,Peter,Bailey,peter.bailey@email.com,Growth Marketing Manager,Marketing,2025-07-04,Glassdoor,rejected,Rejected - Resume,Priya Sharma,Stephanie Clark,86000,,,,Underqualified for role level,1.8
CAND-036,Andrei,Hill,andrei.hill@email.com,Marketing Manager,Marketing,2025-07-16,Indeed,screening,Phone Screen,Samantha Cho,Stephanie Clark,88000,,,,,3.6
CAND-037,Sunita,Gonzalez,sunita.gonzalez@email.com,Enterprise Account Executive,Sales,2025-07-12,LinkedIn,rejected,Rejected - Culture Fit,Priya Sharma,Michael Torres,119000,,,,Compensation expectations too high,2.5
CAND-038,Angela,Ruiz,angela.ruiz@email.com,Software Engineer,Engineering,2025-08-29,Recruiter,rejected,Rejected - Phone Screen,Tyler Brooks,Christopher Lee,192000,,,,Accepted another offer,3.3
CAND-039,Hassan,Mueller,hassan.mueller@email.com,Growth Marketing Manager,Marketing,2025-09-23,Recruiter,interview,Panel Interview,Samantha Cho,Amanda Williams,77000,,,,,2.3
CAND-040,Arjun,Russell,arjun.russell@email.com,Customer Success Manager,Customer Success,2025-06-21,LinkedIn,interview,Panel Interview,Priya Sharma,Thomas Brown,143000,,,,,2.1
CAND-041,Hiroshi,Jenkins,hiroshi.jenkins@email.com,DevOps Engineer,Engineering,2025-09-01,Company Website,hired,Offer Accepted,Samantha Cho,Christopher Lee,114000,117000,2025-09-23,2025-10-22,,3.6
CAND-042,Lisa,Turner,lisa.turner@email.com,Software Engineer,Engineering,2025-06-25,LinkedIn,rejected,Rejected - Candidate Withdrew,Jessica Patel,Sarah Chen,191000,,,,Visa sponsorship required,1.0
CAND-043,Lisa,Clark,lisa.clark@email.com,Senior Software Engineer,Engineering,2025-06-22,Company Website,rejected,Rejected - Technical,Jennifer Hall,Christopher Lee,187000,,,,Accepted another offer,2.1
CAND-044,Carol,Davis,carol.davis@email.com,Staff Engineer,Engineering,2025-08-23,Recruiter,offer,Offer Negotiation,Tyler Brooks,Daniel Martinez,108000,113000,2025-10-20,,,4.1
CAND-045,Fatima,Ford,fatima.ford@email.com,Accountant,Finance,2025-10-13,Referral,hired,Offer Accepted,Samantha Cho,Laura Thompson,160000,146000,2025-11-15,2025-12-22,,4.0
CAND-046,Mason,Wright,mason.wright@email.com,Sales Development Representative,Sales,2025-10-15,LinkedIn,rejected,Rejected - Culture Fit,Marcus Rivera,Michael Torres,160000,,,,Visa sponsorship required,2.7
CAND-047,Yuki,Reyes,yuki.reyes@email.com,Associate Product Manager,Product,2025-09-04,LinkedIn,rejected,Rejected - Culture Fit,Samantha Cho,Emily Johnson,96000,,,,Visa sponsorship required,2.8
CAND-048,Wei,Morris,wei.morris@email.com,Growth Marketing Manager,Marketing,2025-11-25,Company Website,interview,Panel Interview,Samantha Cho,Amanda Williams,64000,,,,,2.9
CAND-049,Benjamin,Lewis,benjamin.lewis@email.com,Accountant,Finance,2025-08-09,Company Website,offer,Offer Negotiation,Jessica Patel,Laura Thompson,62000,65000,2025-08-24,,,4.1
CAND-050,Carlos,Vasquez,carlos.vasquez@email.com,Operations Analyst,Operations,2025-06-24,LinkedIn,offer,Offer Negotiation,Samantha Cho,Nicole Scott,153000,156000,2025-07-31,,,4.2
CAND-051,David,James,david.james@email.com,Senior Software Engineer,Engineering,2025-06-15,LinkedIn,interview,Final Round,Jennifer Hall,Christopher Lee,123000,,,,,3.8
CAND-052,Carlos,Murphy,carlos.murphy@email.com,Sales Development Representative,Sales,2025-08-03,Company Website,new,Application Received,Priya Sharma,Michael Torres,128000,,,,,2.1
CAND-053,Rebecca,Liu,rebecca.liu@email.com,Sales Development Representative,Sales,2025-08-22,LinkedIn,rejected,Rejected - Compensation,Tyler Brooks,Michael Torres,93000,,,,Overqualified,2.2
CAND-054,Olga,Parker,olga.parker@email.com,UX Designer,Design,2025-11-10,Indeed,new,Application Received,Tyler Brooks,Daniel Martinez,117000,,,,,2.9
CAND-055,Patricia,Hernandez,patricia.hernandez@email.com,HR Generalist,Human Resources,2025-11-24,Referral,interview,Technical Interview,Jennifer Hall,Jessica Patel,116000,,,,,4.1
CAND-056,Sofia,Thomas,sofia.thomas@email.com,Frontend Engineer,Engineering,2025-07-10,Company Website,rejected,Rejected - Phone Screen,Samantha Cho,Christopher Lee,132000,,,,Underqualified for role level,3.1
CAND-057,Rachel,Vasquez,rachel.vasquez@email.com,Operations Analyst,Operations,2025-11-24,Indeed,rejected,Rejected - Technical,Jessica Patel,Nicole Scott,143000,,,,Overqualified,1.6
CAND-058,Sunita,Mitchell,sunita.mitchell@email.com,HR Generalist,Human Resources,2025-09-28,LinkedIn,rejected,Rejected - Candidate Withdrew,Jennifer Hall,Jessica Patel,120000,,,,Culture fit concerns,2.1
CAND-059,Larry,Sanders,larry.sanders@email.com,Growth Marketing Manager,Marketing,2025-10-08,Indeed,screening,Resume Review,Tyler Brooks,Stephanie Clark,157000,,,,,2.9
CAND-060,Aiden,Jimenez,aiden.jimenez@email.com,Frontend Engineer,Engineering,2025-10-06,Company Website,screening,Phone Screen,Marcus Rivera,Daniel Martinez,174000,,,,,2.9
CAND-061,Anthony,Novak,anthony.novak@email.com,Financial Analyst,Finance,2025-07-04,LinkedIn,new,Application Received,Samantha Cho,Laura Thompson,68000,,,,,4.3
CAND-062,Caleb,Kowalski,caleb.kowalski@email.com,Accountant,Finance,2025-06-13,Indeed,hired,Offer Accepted,Jessica Patel,Laura Thompson,141000,137000,2025-07-02,2025-08-14,,4.3
CAND-063,Jessica,Castillo,jessica.castillo@email.com,HR Generalist,Human Resources,2025-09-03,Company Website,new,Application Received,Tyler Brooks,Jessica Patel,146000,,,,,3.8
CAND-064,Phoenix,Harris,phoenix.harris@email.com,Senior Software Engineer,Engineering,2025-10-15,Indeed,screening,Resume Review,Tyler Brooks,Christopher Lee,163000,,,,,3.6
CAND-065,Olivia,Ramirez,olivia.ramirez@email.com,Associate Product Manager,Product,2025-08-31,Company Website,rejected,Rejected - Culture Fit,Jessica Patel,Emily Johnson,179000,,,,Culture fit concerns,1.6
CAND-066,Martha,Simmons,martha.simmons@email.com,Compliance Officer,Legal,2025-10-19,Glassdoor,interview,Panel Interview,Samantha Cho,David Kim,168000,,,,,3.0
CAND-067,Sakura,Morris,sakura.morris@email.com,Recruiter,Human Resources,2025-09-05,Company Website,rejected,Rejected - Technical,Marcus Rivera,Jennifer Hall,109000,,,,Visa sponsorship required,2.7
CAND-068,Michael,Fischer,michael.fischer@email.com,Staff Engineer,Engineering,2025-06-02,Indeed,interview,Panel Interview,Jessica Patel,Kevin Nguyen,163000,,,,,3.3
CAND-069,Meera,Flores,meera.flores@email.com,DevOps Engineer,Engineering,2025-08-31,LinkedIn,interview,Hiring Manager Interview,Jennifer Hall,Kevin Nguyen,196000,,,,,3.0
CAND-070,Sharon,Martin,sharon.martin@email.com,Business Operations Associate,Operations,2025-07-15,Referral,rejected,Rejected - Compensation,Tyler Brooks,James Wilson,128000,,,,Accepted another offer,3.5
CAND-071,Owen,Ross,owen.ross@email.com,Software Engineer,Engineering,2025-08-25,Indeed,rejected,Rejected - Culture Fit,Jessica Patel,Christopher Lee,188000,,,,Poor communication skills,3.5
CAND-072,Susan,Ward,susan.ward@email.com,Content Strategist,Marketing,2025-10-17,Referral,interview,Hiring Manager Interview,Jennifer Hall,Amanda Williams,143000,,,,,2.9
CAND-073,Diane,Graham,diane.graham@email.com,Associate Product Manager,Product,2025-10-08,LinkedIn,interview,Final Round,Jennifer Hall,Emily Johnson,119000,,,,,4.1
CAND-074,Peter,Ortiz,peter.ortiz@email.com,Data Engineer,Engineering,2025-09-20,Company Website,screening,Resume Review,Samantha Cho,Christopher Lee,154000,,,,,3.8
CAND-075,Owen,Gomez,owen.gomez@email.com,Recruiter,Human Resources,2025-08-02,LinkedIn,rejected,Rejected - Technical,Priya Sharma,Jessica Patel,65000,,,,Visa sponsorship required,1.8
CAND-076,Vikram,Miller,vikram.miller@email.com,Product Manager,Product,2025-08-29,Referral,rejected,Rejected - Culture Fit,Tyler Brooks,Emily Johnson,133000,,,,Insufficient experience,2.8
CAND-077,Cynthia,Phillips,cynthia.phillips@email.com,Operations Analyst,Operations,2025-06-22,LinkedIn,new,Application Received,Marcus Rivera,James Wilson,95000,,,,,3.2
CAND-078,Michael,James,michael.james@email.com,Data Engineer,Engineering,2025-07-25,LinkedIn,hired,Offer Accepted,Tyler Brooks,Daniel Martinez,172000,174000,2025-08-17,2025-09-01,,4.0
CAND-079,Kenji,Kowalski,kenji.kowalski@email.com,Senior Software Engineer,Engineering,2025-06-16,LinkedIn,rejected,Rejected - Candidate Withdrew,Marcus Rivera,Sarah Chen,151000,,,,Insufficient experience,3.6
CAND-080,Natasha,Castillo,natasha.castillo@email.com,Customer Success Manager,Customer Success,2025-08-14,Recruiter,hired,Offer Accepted,Samantha Cho,Maria Rodriguez,91000,89000,2025-10-05,2025-10-24,,4.5
